<?xml version="1.0" encoding="UTF-8"?>
<!DOCTYPE suite SYSTEM "http://testng.org/testng-1.0.dtd" >

<!--If you want to change the Language please refer details.xlsx sheet and specify required Language Values in Parameters below -->

<suite name="Suite1">
   <test name="test1">
   
      <parameter name="url" value="http://test.learntrakdev.com/"/>  
      <parameter name="verify_url" value="http://test.learntrakdev.com/"/>
      <parameter name="settings_url" value="http://test.learntrakdev.com/Settings"/>
      <parameter name="department_url" value="http://test.learntrakdev.com/Department"/>
      <parameter name="location_url" value="http://test.learntrakdev.com/ILT/Location"/>
      <parameter name="authenticate_url" value="http://test.learntrakdev.com/Account/Login?ReturnUrl=%2F"/>
      <parameter name="businessunit_url" value="http://test.learntrakdev.com/businessunit"/> 
      <parameter name="lang_type" value="English - India"/> 
      <parameter name="sheetName" value="English"/> 
      <parameter name="logout" value="Logout"/> 
      <parameter name="Exp_res_UN" value="User Name is required"/>
      <parameter name="Exp_res_PWD" value="Password is required"/>
      <parameter name="Exp_res_invalid" value="Invalid username and password"/>
      <parameter name="place" value="chennai"/>
      
      <classes>
         <class name="scripts.Scenario1" />
         <!-- class name="util.BackUp" /-->
      </classes>
      
   </test>
</suite>