<?xml version="1.0" encoding="UTF-8"?>
<suite name="actiTime Automation">
  <test name="actiTime Scenarios">
    <classes>
       <class name="driverscript.DriverScript" >
           <methods>
                <include name="startAutomationSuite" ></include>
                <include name="loadFiles" ></include>
                <include name="startExecuteScenarios" ></include>
                <include name="endAutomationSuite" ></include>
           </methods>
       </class>
    </classes>
  </test>
</suite>